Name,Start time,End time,Type,Quality,SNR Z,SNR N,SNR E,SNR HF Z,SNR HF N,SNR HF E
S0882b,2021-05-21T06:21:17.049681Z,2021-05-21T06:35:16.089042Z,2.4_HZ,D,1.16851061746,1.12895007999,1.14189660876,1.78209830637,1.5266408334,1.57591686734
S0661a,2020-10-05T16:37:41.849859Z,2020-10-05T16:46:51.076615Z,VERY_HIGH_FREQUENCY,C,1.02300382686,1.09112784662,1.09867307961,3.10475130958,1.9786712018,2.31217976533
S0653a,2020-09-27T23:16:01.084694Z,2020-09-27T23:27:49.578098Z,VERY_HIGH_FREQUENCY,C,1.1755923755,1.24048089589,1.1941596358,2.20865675768,2.09690521599,1.85076941835
S0562a,2020-06-26T05:23:59.853235Z,2020-06-26T05:31:36.469119Z,2.4_HZ,D,1.09247529075,0.938768128723,0.93541116792,2.35300744586,1.95562758305,1.90157424732
S0542a,2020-06-05T13:10:34.722582Z,2020-06-05T13:28:10.705242Z,VERY_HIGH_FREQUENCY,C,1.37678877674,1.47366805561,1.3302715312,7.4219947521,5.87682370427,6.25387979108
S0534a,2020-05-28T13:25:16.867540Z,2020-05-28T13:41:06.180856Z,2.4_HZ,C,1.40686984066,1.92708746818,1.82090571876,3.37638837405,2.27530239389,2.15267948224
S0533a,2020-05-27T13:48:26.477455Z,2020-05-27T13:55:09.616794Z,HIGH_FREQUENCY,D,1.08593710358,1.18791396277,0.999706452188,3.39085094427,2.43512937687,2.26140125734
S0518a,2020-05-11T12:06:03.942327Z,2020-05-11T12:16:08.612770Z,2.4_HZ,C,1.07894878415,1.1775138591,1.10802208467,2.05288955162,1.60552335899,1.65596781167
S0510a,2020-05-04T04:21:35.804806Z,2020-05-04T04:33:25.683811Z,2.4_HZ,C,1.32471271346,1.13989479358,1.11906213076,1.84739101697,1.71137000574,1.79827038863
S0507a,2020-05-01T02:19:00.077885Z,2020-05-01T02:28:30.550332Z,2.4_HZ,D,1.21611073098,1.24430787321,1.05029537329,1.68818785446,1.64579841921,1.59229517977
S0500a,2020-04-23T22:42:35.425902Z,2020-04-23T22:56:27.944727Z,VERY_HIGH_FREQUENCY,B,1.15361108529,1.19840212729,1.06572285876,3.69666432168,3.07302172646,3.11880270588
S0494a,2020-04-17T12:34:33.739114Z,2020-04-17T12:50:08.292056Z,2.4_HZ,C,1.25231616291,1.55229209868,1.25958931175,1.7083298364,1.42387451059,1.30001298742
S0493a,2020-04-16T16:16:46.236458Z,2020-04-16T16:33:05.047602Z,2.4_HZ,D,1.16486535016,1.26973778622,1.20633218798,1.525204805,1.49706511132,1.43916991211
S0492a,2020-04-15T12:39:53.929558Z,2020-04-15T12:57:54.063537Z,2.4_HZ,D,1.26851819818,1.29407732053,1.26007541691,2.02122909782,1.72491856454,1.96133701688
S0477a,2020-03-31T00:48:47.674521Z,2020-03-31T01:03:30.729323Z,2.4_HZ,B,0.930726266836,0.963848039859,0.940646910583,3.13576068093,3.24016021982,3.31159611595
S0475a,2020-03-29T00:41:19.772196Z,2020-03-29T00:56:03.626653Z,VERY_HIGH_FREQUENCY,B,1.29488676909,1.14405683341,1.05225729658,3.7220544512,3.74674584827,3.25964158053
S0467a,2020-03-20T18:12:15.421504Z,2020-03-20T18:26:39.413784Z,2.4_HZ,C,1.05308573744,1.17756964517,1.11553673239,2.11379266072,1.70261510023,1.82171841851
S0466b,2020-03-19T21:23:52.822331Z,2020-03-19T21:46:33.734652Z,2.4_HZ,D,1.40062306233,1.56429865824,1.5608083944,2.04166254931,1.69336866446,2.04641456246
S0466a,2020-03-19T21:00:53.573800Z,2020-03-19T21:14:23.195545Z,2.4_HZ,D,1.36983681004,1.5653023512,1.45833564429,1.84799924853,1.53069849281,1.66334304708
S0462b,2020-03-15T18:45:01.836468Z,2020-03-15T18:57:27.866416Z,HIGH_FREQUENCY,D,1.08766991073,1.14132205583,1.11815305294,1.53053936133,1.34505590658,1.35126161089
S0462a,2020-03-15T18:10:53.881007Z,2020-03-15T18:18:29.325484Z,VERY_HIGH_FREQUENCY,D,1.01590834495,1.068952837,1.14356616081,1.42165670974,1.45632670797,1.18083735087
S0458b,2020-03-11T18:23:15.900445Z,2020-03-11T18:37:19.833567Z,HIGH_FREQUENCY,C,1.10010540445,1.16882623978,1.09021116189,2.18092280107,1.87720631902,1.88081015571
S0458a,2020-03-11T17:53:40.575718Z,2020-03-11T18:08:24.781018Z,HIGH_FREQUENCY,C,1.23717044372,1.06078978014,1.16290120392,1.82461940279,1.91264558253,1.85985473774
S0458d,2020-03-11T14:42:57.328556Z,2020-03-11T14:45:54.070979Z,VERY_HIGH_FREQUENCY,D,1.10059668507,1.02585172604,1.02350109163,1.20523733604,1.2419100591,1.13725696545
S0453a,2020-03-06T14:32:56.940580Z,2020-03-06T14:45:31.922488Z,2.4_HZ,D,1.00722018719,1.02427133992,0.997236161482,1.54911202524,1.58549347236,1.8495234804
S0450a,2020-03-03T10:51:52.827483Z,2020-03-03T11:06:17.147356Z,2.4_HZ,D,1.01558500886,1.16997573831,0.997975598378,1.54872565283,1.49679885397,1.49155480432
S0448a,2020-03-01T12:31:34.209941Z,2020-03-01T12:46:44.408485Z,2.4_HZ,C,1.05593147352,1.12878838426,1.09531502814,1.93947768904,1.62723689336,1.68751009852
S0446a,2020-02-27T11:47:58.611408Z,2020-02-27T12:03:34.367727Z,2.4_HZ,C,1.16945144912,1.08079723317,1.06892179903,1.68246314519,1.46512101698,1.41145873344
S0443b,2020-02-25T02:57:04.405159Z,2020-02-25T03:09:28.577043Z,2.4_HZ,D,1.04852127316,1.05004217683,1.08188792472,1.75043268091,1.89285064739,1.77408003575
S0443a,2020-02-24T10:17:14.852834Z,2020-02-24T10:28:56.955842Z,2.4_HZ,D,0.934828495462,0.976958170382,0.940003922511,1.36426165111,1.45989300231,1.35822180129
S0440a,2020-02-22T02:44:03.669646Z,2020-02-22T03:03:47.417116Z,2.4_HZ,D,1.27011147123,1.21995726536,1.24865391527,1.69211778344,1.67324644794,1.81596957463
S0439a,2020-02-20T08:39:43.658188Z,2020-02-20T08:50:11.256103Z,2.4_HZ,C,1.28147944731,1.24430179026,1.2669252884,4.00839258813,3.14673977661,3.16702941279
S0436c,2020-02-18T02:04:51.213103Z,2020-02-18T02:20:59.974212Z,HIGH_FREQUENCY,B,1.19155658063,1.08781663645,1.14142383246,2.23166008367,2.47352090603,2.4932441358
S0436b,2020-02-18T00:29:45.625397Z,2020-02-18T00:42:18.771528Z,2.4_HZ,C,1.11120582756,1.16811493134,1.16343333807,1.45211914177,1.70345065675,1.44525964367
S0432a,2020-02-14T01:53:13.173606Z,2020-02-14T02:09:57.835288Z,HIGH_FREQUENCY,B,1.43690039426,1.46887966196,1.67717445571,2.94675268647,2.68469596162,2.75224065821
S0432b,2020-02-14T00:53:10.684517Z,2020-02-14T01:07:26.826437Z,2.4_HZ,D,1.31309127741,1.20893926819,1.32286376602,1.64016602526,1.79995687559,1.91313313217
S0431c,2020-02-13T00:30:05.978735Z,2020-02-13T00:46:14.728732Z,2.4_HZ,D,1.31662406005,1.3276726824,1.41824258251,1.90336044107,1.71744520907,1.69792181228
S0431b,2020-02-12T22:01:24.099025Z,2020-02-12T22:19:42.925272Z,HIGH_FREQUENCY,C,1.29639971712,1.25848648231,1.44460036695,2.58409565653,2.57744374796,2.5817483858
S0430d,2020-02-11T22:12:47.375009Z,2020-02-11T22:25:10.699150Z,2.4_HZ,D,1.23372632401,1.04169209889,1.17795969162,1.4717709984,1.29153612616,1.26535471974
S0430c,2020-02-11T20:46:13.513650Z,2020-02-11T21:06:02.020122Z,2.4_HZ,B,1.20963923767,1.20947940632,1.2939504851,2.68285462038,2.72407145604,2.19786133284
S0430b,2020-02-11T19:34:44.868714Z,2020-02-11T19:48:16.790185Z,2.4_HZ,D,1.23350640732,1.22975546118,1.1872025114,1.76742563208,1.45565595065,1.69757268611
S0430a,2020-02-11T02:36:32.890190Z,2020-02-11T02:52:10.149890Z,2.4_HZ,C,1.15568771241,1.08193249755,1.26077867165,2.07752205017,2.01833006287,1.81563530859
S0429b,2020-02-10T23:42:49.931627Z,2020-02-10T23:56:48.087701Z,2.4_HZ,C,1.12495605259,1.15775501544,1.15670024919,1.81397908395,1.79596752706,1.79497095999
S0429a,2020-02-10T20:41:32.620050Z,2020-02-10T20:55:33.926031Z,HIGH_FREQUENCY,B,1.08595517629,1.19813601065,1.17607789818,1.90116913903,1.80133746761,1.86848218392
S0428c,2020-02-09T20:28:40.363439Z,2020-02-09T20:43:31.874732Z,2.4_HZ,D,1.05924620088,1.1623477959,1.0581931102,1.4196103144,1.34993771968,1.49746640464
S0428b,2020-02-09T18:41:49.552900Z,2020-02-09T18:55:51.293871Z,2.4_HZ,D,1.205307751,1.08843906602,1.08714162222,1.57711708952,1.47789490976,1.45932909729
S0428a,2020-02-09T00:48:10.121561Z,2020-02-09T01:01:36.134986Z,HIGH_FREQUENCY,C,1.20711403031,1.14535259189,1.23652975131,2.61285780578,2.3013634478,2.26216265181
S0427a,2020-02-08T22:33:55.502948Z,2020-02-08T22:45:44.220546Z,2.4_HZ,D,1.2995004118,1.34723613631,1.18967339067,1.72210684967,1.70136837406,1.82621925983
S0424c,2020-02-05T17:30:01.186076Z,2020-02-05T17:47:05.855133Z,VERY_HIGH_FREQUENCY,B,2.41355451966,2.34853480493,2.54881407322,6.15761825896,6.24551088801,6.46368150553
S0424b,2020-02-05T15:23:28.224249Z,2020-02-05T15:35:41.324664Z,2.4_HZ,D,1.18826559472,1.45745497861,1.15710643963,1.48533839568,1.34507940111,1.37470058923
S0424a,2020-02-05T15:01:37.225827Z,2020-02-05T15:15:24.033120Z,2.4_HZ,D,1.12415815988,1.08005177542,1.06504414839,1.36692507782,1.28190728536,1.29728855805
S0423c,2020-02-04T19:29:47.495710Z,2020-02-04T19:46:02.919132Z,HIGH_FREQUENCY,B,1.35950498288,1.1470439632,1.28230004791,2.39332460563,2.40464857445,2.74318729166
S0423a,2020-02-04T15:22:45.052912Z,2020-02-04T15:35:37.938335Z,LOW_FREQUENCY,D,1.8491860263,1.7335338246,1.72260998518,1.1043227567,1.15662850824,1.33924368495
S0423b,2020-02-03T21:08:39.571218Z,2020-02-03T21:23:31.757543Z,2.4_HZ,D,1.14697884151,1.06632807453,1.12659786299,1.75176396962,1.80246352273,1.97325849641
S0422a,2020-02-03T12:42:42.879693Z,2020-02-03T13:02:31.148913Z,2.4_HZ,D,1.25681359105,1.28627160123,1.05258251454,1.443294164,1.55843995833,1.52785463042
S0420b,2020-01-31T19:57:16.792042Z,2020-01-31T20:14:58.749732Z,2.4_HZ,D,1.0126135487,0.995048161739,1.00195691679,1.5573784915,1.47050276282,1.45873206802
S0419a,2020-01-31T15:28:16.149073Z,2020-01-31T15:46:00.564904Z,2.4_HZ,C,1.01763284893,1.21079499144,1.17036963554,1.8948423472,1.62406260834,1.94331170591
S0418a,2020-01-30T11:55:17.998981Z,2020-01-30T12:12:20.876248Z,2.4_HZ,B,1.21798507918,1.23532157309,1.22894967387,2.51568779492,2.44248356606,2.59287038051
S0417b,2020-01-29T11:03:21.940549Z,2020-01-29T11:21:05.486803Z,2.4_HZ,C,1.17111775787,1.235412962,1.12528481495,1.31177343542,1.60002130019,1.60318376786
S0417a,2020-01-28T17:38:18.756785Z,2020-01-28T17:53:19.900972Z,2.4_HZ,B,1.27186637024,1.19367526648,1.34167714223,2.14126752708,2.05694731096,2.05810016208
S0415a,2020-01-26T16:31:20.119770Z,2020-01-26T16:45:36.793067Z,2.4_HZ,C,1.05223528862,1.02589773217,0.998924441426,2.09473994171,1.57897760374,1.53570303536
S0414a,2020-01-26T12:12:37.449824Z,2020-01-26T12:32:11.808915Z,2.4_HZ,C,1.07682911854,1.09124953501,1.13405906124,1.35026556693,1.21013678359,1.30152249578
S0413a,2020-01-25T07:56:18.067943Z,2020-01-25T08:05:01.462913Z,2.4_HZ,D,1.17376949814,1.1066477211,0.941699856295,1.44961227205,1.32173399865,1.37918481576
S0411c,2020-01-23T08:08:26.895983Z,2020-01-23T08:26:22.679672Z,2.4_HZ,D,1.099203686,1.11562072342,1.11295181628,1.50483178764,1.35862059939,1.34606521277
S0411b,2020-01-23T06:29:37.196189Z,2020-01-23T06:42:40.974548Z,2.4_HZ,D,1.19617986473,1.44022178399,1.20189542622,1.64331217711,1.52996750527,1.51617406476
S0411a,2020-01-23T05:36:44.177124Z,2020-01-23T05:53:44.475228Z,2.4_HZ,D,1.26693863441,1.22895400226,1.19346433542,2.6537057394,2.6654826854,2.60847558629
S0409c,2020-01-21T10:25:04.832086Z,2020-01-21T10:42:08.134476Z,2.4_HZ,C,1.11562440776,1.10728125572,1.08691082011,2.16968584527,1.90660489201,2.41580954284
S0409b,2020-01-21T07:10:01.009520Z,2020-01-21T07:24:54.706503Z,2.4_HZ,D,1.28025110456,1.13909023979,1.15137106104,1.37137124694,1.41392569102,1.32477267259
S0409a,2020-01-21T06:21:05.774320Z,2020-01-21T06:36:16.765841Z,2.4_HZ,D,1.19639279547,1.27055112541,1.38199129933,1.84020227499,1.7760295301,1.66346185798
S0408b,2020-01-20T06:05:59.920646Z,2020-01-20T06:19:59.061285Z,2.4_HZ,B,1.24173522127,1.29230870461,1.328825999,2.27529431274,2.56157216431,2.25678434737
S0408a,2020-01-19T10:54:02.532307Z,2020-01-19T11:10:53.203309Z,2.4_HZ,C,1.30926076705,1.29143227923,1.26725255215,2.20915486383,2.15350669096,1.8940219378
S0405f,2020-01-17T05:48:10.752377Z,2020-01-17T06:04:48.331919Z,HIGH_FREQUENCY,B,1.12503472573,1.21662056126,1.19426456496,2.82737371391,2.6387420353,2.45380158619
S0405e,2020-01-17T03:54:17.869345Z,2020-01-17T04:08:17.739471Z,2.4_HZ,D,1.0575628892,1.08651924521,1.06610738684,1.26940735063,1.19539026753,1.21738845284
S0405d,2020-01-17T03:22:29.884373Z,2020-01-17T03:33:30.962881Z,2.4_HZ,C,1.00365257355,1.05191270952,1.11730248946,1.39368525749,1.36953992261,1.39033957143
S0405c,2020-01-17T01:39:58.590144Z,2020-01-17T02:12:51.485478Z,BROADBAND,C,1.63347448464,1.63692644667,1.66674827187,1.60747393777,1.34469242904,1.41742353582
S0405b,2020-01-16T11:14:34.780011Z,2020-01-16T11:28:25.776408Z,2.4_HZ,C,1.07380660887,1.05611153582,1.06224397036,2.02423523793,1.72929395894,1.88319552608
S0405a,2020-01-16T10:31:18.505794Z,2020-01-16T10:44:41.021415Z,2.4_HZ,D,1.01373091553,1.0330682324,1.05522084755,1.56817249914,1.34531994273,1.54470831801
S0401b,2020-01-13T01:10:24.962234Z,2020-01-13T01:27:03.703942Z,2.4_HZ,C,1.486093596,1.66658057784,1.43266574638,1.91962055817,1.68776657565,1.76944476762
S0401a,2020-01-13T00:20:28.170121Z,2020-01-13T00:35:02.237246Z,2.4_HZ,D,1.10440416977,1.25004593646,1.11257511672,1.32066764658,1.51067168851,1.54528151764
S0400a,2020-01-11T22:21:20.389122Z,2020-01-11T22:43:03.254579Z,2.4_HZ,D,1.26506792645,1.19754810225,1.18540923506,1.63594038823,1.84334550333,1.83361418387
S0398b,2020-01-10T03:07:03.621850Z,2020-01-10T03:24:20.116786Z,2.4_HZ,C,0.966495995533,1.03719819903,1.06617752604,1.46549161178,1.65988561804,1.51103019104
S0398a,2020-01-09T21:33:05.598879Z,2020-01-09T21:59:13.305037Z,2.4_HZ,D,0.957075673978,1.22718734736,1.33913238286,1.20172113829,1.00050014888,1.0661306665
S0397b,2020-01-08T22:40:07.443985Z,2020-01-08T22:53:11.257736Z,2.4_HZ,C,1.06569814793,1.14357624894,1.17729621739,1.86988440631,1.94593383031,2.03795162988
S0397a,2020-01-08T21:09:14.801560Z,2020-01-08T21:21:34.625131Z,2.4_HZ,C,1.13596738112,1.35987284283,1.25665127082,1.9371396448,1.92812562081,2.18179929523
S0396a,2020-01-08T01:47:22.610310Z,2020-01-08T02:00:27.054572Z,2.4_HZ,D,1.00594644971,1.08331213332,1.12909242117,2.47822899494,2.12422336458,2.31424986329
S0395b,2020-01-06T23:03:25.454821Z,2020-01-06T23:17:08.271190Z,2.4_HZ,D,0.938100630723,0.969184635944,1.029376746,1.31744027952,1.13053678238,1.32319611467
S0395a,2020-01-06T22:32:42.709457Z,2020-01-06T22:54:14.483253Z,BROADBAND,C,2.89912659295,2.74828752568,2.499149289,2.48279809266,2.79631359428,2.36921747528
S0394a,2020-01-05T19:54:07.470626Z,2020-01-05T20:09:42.431490Z,2.4_HZ,B,1.28018717686,1.22749584927,1.28490279163,1.9618334504,1.84143876335,2.01056195735
S0392a,2020-01-03T17:25:08.213689Z,2020-01-03T17:40:00.153642Z,HIGH_FREQUENCY,B,1.78856565814,1.53278736596,1.78356917645,4.07274196574,3.85221798312,3.76985466792
S0388b,2019-12-30T18:25:38.790191Z,2019-12-30T18:39:19.308471Z,2.4_HZ,D,1.04767091549,1.27095205315,1.08570570062,1.18090957669,1.29558687269,1.26474139865
S0388a,2019-12-30T15:49:50.063979Z,2019-12-30T16:02:04.354336Z,2.4_HZ,D,1.19362474675,1.24198386357,1.13646462016,1.45759111086,1.37753590895,1.54822389501
S0387a,2019-12-29T14:40:41.228470Z,2019-12-29T14:57:01.143483Z,VERY_HIGH_FREQUENCY,B,1.41104691545,1.62834426032,1.5039450425,2.91987389312,3.52630687488,3.08694487434
S0386b,2019-12-28T18:05:56.377063Z,2019-12-28T18:19:51.518131Z,2.4_HZ,C,0.997161694501,0.949394265477,0.92796081883,1.84099522373,1.95278428416,1.91499555563
S0386a,2019-12-28T14:54:47.978301Z,2019-12-28T15:11:07.953657Z,2.4_HZ,D,1.5112678649,1.25009910212,1.18217880955,1.62769085496,1.29256056963,1.40042543975
S0385b,2019-12-27T13:57:17.474737Z,2019-12-27T14:08:10.550263Z,2.4_HZ,C,1.05815377546,1.09127492449,1.04170071563,1.57786568522,1.71144755115,1.71566695278
S0385a,2019-12-27T12:41:08.608345Z,2019-12-27T12:58:43.634679Z,HIGH_FREQUENCY,C,1.42668453082,1.3777074634,1.35095242974,3.99275422249,3.33923459378,4.0155947423
S0383c,2019-12-25T15:45:17.228113Z,2019-12-25T16:01:54.132142Z,2.4_HZ,D,1.15606957783,1.20233173067,1.33225133186,1.58794994161,1.499986092,1.63276991562
S0383b,2019-12-25T15:26:35.708711Z,2019-12-25T15:39:33.369600Z,2.4_HZ,D,1.07711555473,1.07772780205,1.09449664735,1.31221315282,1.33751001799,1.31130164679
S0383a,2019-12-25T14:36:33.168899Z,2019-12-25T14:51:27.082155Z,2.4_HZ,C,1.15007451047,1.1354166053,1.1095556857,1.59025554721,1.51446342999,1.68028866952
S0382a,2019-12-24T14:34:14.392722Z,2019-12-24T14:49:32.054147Z,2.4_HZ,D,0.914111955205,0.975667694586,0.957865339718,1.14584791612,1.15854819595,1.16491170405
S0381f,2019-12-23T13:51:28.871183Z,2019-12-23T14:00:21.334314Z,2.4_HZ,D,1.11687034988,1.06991154562,1.12355195528,1.26886342021,1.21566017871,1.24233184225
S0381e,2019-12-23T13:32:35.141195Z,2019-12-23T13:46:55.596927Z,2.4_HZ,D,1.09345286373,1.07823255716,1.05003670576,1.45282858781,1.41593679984,1.52763494169
S0381d,2019-12-23T11:51:16.501651Z,2019-12-23T12:02:38.186532Z,2.4_HZ,D,1.31089702837,1.32252419944,1.29024644317,1.58395878425,1.74352917287,1.7131192378
S0381c,2019-12-23T11:07:28.101730Z,2019-12-23T11:20:10.884809Z,2.4_HZ,D,1.00644915913,1.14145823391,0.993350100829,1.3491587276,1.22477810629,1.34711657226
S0381b,2019-12-23T10:55:02.194769Z,2019-12-23T10:59:01.047990Z,2.4_HZ,D,1.1688789545,1.29138289475,1.17489740998,1.13640273348,1.23498828556,1.28085153861
S0381a,2019-12-23T10:01:48.481074Z,2019-12-23T10:17:53.177320Z,2.4_HZ,D,1.1384446157,1.19856375985,1.22946496332,1.56822542353,1.41996246176,1.39660485594
S0380a,2019-12-22T15:25:03.056761Z,2019-12-22T15:34:08.454398Z,2.4_HZ,D,1.08332173145,1.13943602609,1.13621890704,1.85613124141,1.63982338641,1.64298295621
S0379b,2019-12-21T13:48:49.183584Z,2019-12-21T14:00:52.477829Z,2.4_HZ,D,0.998891900931,0.995028931881,1.18533867397,1.59081066926,1.54468871389,1.63731457264
S0379a,2019-12-21T12:28:25.472635Z,2019-12-21T12:40:12.527900Z,2.4_HZ,D,1.02419300179,0.989545763802,1.02326505444,1.72639483572,1.57702171549,1.51255583843
S0378b,2019-12-20T13:12:36.581946Z,2019-12-20T13:27:56.897754Z,2.4_HZ,B,1.41262642564,1.38430578936,1.55448866832,2.76428317746,2.91452548735,2.92267802663
S0378a,2019-12-20T07:55:31.671114Z,2019-12-20T08:10:28.168633Z,2.4_HZ,C,1.10764991096,1.10960145667,1.21033748534,2.45692880127,2.12946568977,1.92097772834
S0377c,2019-12-19T12:00:08.674976Z,2019-12-19T12:10:14.373036Z,LOW_FREQUENCY,C,2.07760659573,1.90965989175,2.00031602799,0.988848683141,1.06828610329,1.04729760643
S0377b,2019-12-19T10:54:52.539381Z,2019-12-19T11:06:54.348564Z,2.4_HZ,D,1.04181419521,1.05103391237,1.09399172248,1.24601937714,1.27783437622,1.3240904026
S0377a,2019-12-19T10:05:20.136845Z,2019-12-19T10:16:57.632455Z,2.4_HZ,D,1.15793788953,1.13569611665,1.0950725958,1.30624130127,1.15402621477,1.22177585611
S0376b,2019-12-18T11:53:47.578556Z,2019-12-18T12:01:22.781128Z,2.4_HZ,D,1.22698841419,1.27855745295,1.27238309954,1.48962789168,1.41198296874,1.51095005185
S0376a,2019-12-17T16:32:21.320475Z,2019-12-17T16:36:34.373722Z,VERY_HIGH_FREQUENCY,C,1.18302732215,1.21856656983,1.11512751646,2.46719763855,1.83633698151,2.15414312471
S0375a,2019-12-17T10:13:46.037393Z,2019-12-17T10:31:36.563599Z,HIGH_FREQUENCY,C,1.96573690959,1.94641670227,2.26802148453,4.11956092786,4.04909903835,3.60186552598
S0373b,2019-12-15T10:19:57.152934Z,2019-12-15T10:39:21.916076Z,2.4_HZ,C,1.34316421076,1.32372266555,1.35933479025,2.00507211955,1.83867525283,2.08111640742
S0373a,2019-12-15T07:09:45.642566Z,2019-12-15T07:26:32.282574Z,2.4_HZ,D,1.08592531378,1.08339208841,1.15541369294,1.23223843463,1.30455773035,1.51651051709
S0372a,2019-12-14T07:36:47.817106Z,2019-12-14T07:57:03.269294Z,2.4_HZ,B,1.36937429117,1.33792612677,1.38812565006,3.3349179078,3.2099646963,3.07853284847
S0371b,2019-12-13T08:31:10.664649Z,2019-12-13T08:49:29.843977Z,HIGH_FREQUENCY,B,1.34483050127,1.30901300525,1.57398018543,3.2190900571,2.695485674,3.12956099485
S0371a,2019-12-13T06:43:34.662662Z,2019-12-13T07:00:22.581471Z,2.4_HZ,D,1.28481229935,1.16005964265,1.2083609482,1.58576606812,1.51829819623,1.76788917245
S0367d,2019-12-09T04:45:35.937597Z,2019-12-09T04:57:41.123831Z,2.4_HZ,C,1.12484385667,1.04692731462,1.12695090104,1.33189381333,1.27016123305,1.3463125245
S0367c,2019-12-09T03:46:42.499474Z,2019-12-09T04:01:23.719094Z,2.4_HZ,B,1.07303043626,1.12063681191,1.04995750337,1.79077154777,1.91566794274,1.88390841264
S0367b,2019-12-09T01:45:30.082721Z,2019-12-09T01:55:14.992273Z,2.4_HZ,D,1.02090588251,1.11943103307,1.0744258998,1.59383388752,1.37022427037,1.48291741981
S0367a,2019-12-09T00:33:28.505097Z,2019-12-09T00:42:25.575982Z,VERY_HIGH_FREQUENCY,D,1.23780539089,1.16801685606,1.20308811263,3.37831485017,3.21412785732,2.88923017486
S0364a,2019-12-06T02:50:38.606351Z,2019-12-06T03:13:31.383808Z,2.4_HZ,D,1.03888961735,1.03301499592,1.07696532528,1.98093133132,1.90293500401,1.93246835195
S0363d,2019-12-05T01:38:52.943716Z,2019-12-05T01:57:58.596489Z,HIGH_FREQUENCY,C,1.24493067645,1.19869848546,1.26344680103,2.24174723677,2.18981545483,2.31612692945
S0363c,2019-12-05T00:50:41.565614Z,2019-12-05T01:05:36.061674Z,2.4_HZ,C,1.26916107188,1.10105771956,1.19362109019,1.89079407863,1.59398485894,1.79394905814
S0363b,2019-12-05T00:12:19.578397Z,2019-12-05T00:30:02.464174Z,2.4_HZ,C,1.18049320495,1.10233317363,1.1111141722,1.55853303218,1.54580747605,1.8073080336
S0363a,2019-12-04T22:59:24.466255Z,2019-12-04T23:16:06.779466Z,2.4_HZ,C,1.39101590271,1.25146430848,1.11370783929,2.31362007172,2.14388513621,2.27294946277
S0362c,2019-12-04T01:18:04.105054Z,2019-12-04T01:33:27.261009Z,2.4_HZ,D,1.06428521152,1.10061626264,1.1159288991,1.29114885431,1.31147311412,1.41534241277
S0362b,2019-12-03T23:33:38.380210Z,2019-12-03T23:44:32.263350Z,BROADBAND,C,2.22993937046,2.52898415649,2.28610179183,1.24926953473,1.12196884772,1.24165858732
S0362a,2019-12-03T22:06:28.844998Z,2019-12-03T22:15:04.838409Z,2.4_HZ,D,1.09806362345,1.12014408578,1.2767830083,1.33953359221,1.455129718,1.36059550495
S0361c,2019-12-03T00:44:57.814616Z,2019-12-03T01:02:27.214653Z,HIGH_FREQUENCY,B,1.31653595101,1.25689701558,1.3609882852,4.52281477711,4.14226729356,3.9939150228
S0361b,2019-12-02T23:15:12.080611Z,2019-12-02T23:30:09.355045Z,2.4_HZ,C,1.24003235148,1.20350773465,1.24058965614,1.71989213868,1.6653120396,1.83630620061
S0360b,2019-12-01T23:54:53.103181Z,2019-12-02T00:11:54.761089Z,HIGH_FREQUENCY,D,1.1031023672,1.06382654776,1.04773337111,1.43238928868,1.74727199831,1.60115175184
S0360a,2019-12-01T20:07:45.897198Z,2019-12-01T20:22:56.439719Z,2.4_HZ,D,1.1491897155,1.11230768005,1.0452775018,1.60037754613,1.70408215533,1.71240654616
S0359a,2019-11-30T21:12:16.873598Z,2019-11-30T21:30:08.911713Z,2.4_HZ,C,1.11651323668,1.29452588247,1.00593890386,1.7147012146,1.57292471726,1.71814884597
S0358c,2019-11-30T00:48:30.091408Z,2019-11-30T01:02:30.754913Z,VERY_HIGH_FREQUENCY,C,1.21180370956,1.19202049119,1.09274066223,2.24900950514,1.88712713976,2.01967685081
S0358b,2019-11-29T22:58:27.299293Z,2019-11-29T23:11:46.023045Z,2.4_HZ,C,1.03736952503,0.989026726721,0.95883491786,1.49344055349,1.49659208953,1.38252948152
S0358a,2019-11-29T21:49:10.399855Z,2019-11-29T22:00:37.100396Z,2.4_HZ,D,0.964598895266,0.992781325953,0.985161064229,1.43678030727,1.37100802566,1.38876284642
S0357b,2019-11-29T00:20:39.184954Z,2019-11-29T00:37:02.622276Z,2.4_HZ,D,1.21407678372,1.24014482897,1.19504453743,1.5583041711,1.52980376523,1.43797302886
S0357a,2019-11-28T19:24:59.144346Z,2019-11-28T19:31:17.373575Z,LOW_FREQUENCY,C,1.2876989732,1.15765289121,1.18653236938,1.00652734194,1.05693155454,0.997362045148
S0355a,2019-11-26T16:46:44.962297Z,2019-11-26T17:01:42.641965Z,2.4_HZ,C,1.31118062443,1.27299643991,1.20920314936,2.69273843903,2.5062260769,2.59369720836
S0354a,2019-11-25T01:23:33.242177Z,2019-11-25T01:43:31.234681Z,2.4_HZ,D,1.17146789644,1.0648001684,1.08597640217,1.52747699221,1.33982416001,1.35277117836
S0352b,2019-11-23T19:28:20.463126Z,2019-11-23T19:42:41.284915Z,2.4_HZ,D,1.22967558997,1.27680289346,1.27880785688,1.59411640763,1.61134702291,1.8053698541
S0352a,2019-11-23T18:18:13.277075Z,2019-11-23T18:37:02.751860Z,HIGH_FREQUENCY,B,1.48031618016,1.41494099332,1.63014160695,3.66409743965,3.54456073698,3.89436936088
S0351b,2019-11-22T17:40:31.238215Z,2019-11-22T17:56:44.540912Z,HIGH_FREQUENCY,C,1.18542114946,1.22251378476,1.19408346755,2.98058845538,3.17065429175,3.07688473795
S0350a,2019-11-21T15:58:30.781641Z,2019-11-21T16:07:56.486637Z,2.4_HZ,D,1.1950056318,1.15182012347,1.09580923898,2.32037971467,2.23565054032,2.3445985462
S0349a,2019-11-20T17:12:29.879989Z,2019-11-20T17:29:55.558461Z,HIGH_FREQUENCY,B,1.21523547779,1.20442887288,1.23274386782,3.13170989047,3.23851886865,2.6849597338
S0349b,2019-11-19T22:53:07.256610Z,2019-11-19T23:08:11.437274Z,2.4_HZ,C,1.21115654025,1.22042514331,1.12746372502,2.49953455301,1.67010074648,1.71671772531
S0348d,2019-11-19T17:45:06.761285Z,2019-11-19T17:58:40.896130Z,2.4_HZ,C,0.98069190208,0.964003963548,1.04766218871,1.73953906623,1.69817607811,1.46414477437
S0348c,2019-11-19T15:48:00.701557Z,2019-11-19T16:02:59.888467Z,2.4_HZ,C,1.41226882623,1.34595142491,1.43320048008,2.17236830809,2.19483455643,1.85421661071
S0348b,2019-11-19T14:51:47.505614Z,2019-11-19T15:07:36.911685Z,2.4_HZ,C,1.25131354828,1.06751591506,1.28356344715,2.2221270539,2.07312147633,2.10983235689
S0348a,2019-11-19T14:03:51.580453Z,2019-11-19T14:18:43.447028Z,2.4_HZ,C,1.72978442939,1.70230493022,1.65572218814,1.94777412022,1.91136894402,1.78908492091
S0347a,2019-11-18T14:50:40.697980Z,2019-11-18T15:12:21.576672Z,HIGH_FREQUENCY,C,1.21202248558,1.16788810974,1.24710653379,4.76898270263,3.7955549822,4.8055423162
S0346d,2019-11-17T15:26:34.208514Z,2019-11-17T15:44:19.833522Z,2.4_HZ,C,1.44175892909,1.51910981852,1.25246533479,2.1745553206,1.90280774459,2.05101038471
S0346c,2019-11-17T15:13:58.945582Z,2019-11-17T15:24:43.268393Z,2.4_HZ,D,1.19876176891,1.35173900527,1.24690394497,1.47170578684,1.28101638257,1.33766555998
S0346b,2019-11-17T14:30:20.902294Z,2019-11-17T14:39:53.414889Z,2.4_HZ,D,1.12374832578,1.1688871993,1.07844732512,1.2338384171,1.27784840858,1.29635053099
S0346a,2019-11-17T12:33:12.261358Z,2019-11-17T12:43:36.902682Z,VERY_HIGH_FREQUENCY,D,1.22932479817,1.37057313709,1.08692953746,1.35591134585,1.44911384103,1.44792679824
S0345b,2019-11-16T15:41:53.449631Z,2019-11-16T15:48:55.293319Z,2.4_HZ,D,0.97936293617,1.10740812973,1.05500545319,1.64314755801,1.6813553759,1.66980077805
S0345d,2019-11-16T14:45:40.403770Z,2019-11-16T14:55:08.904078Z,2.4_HZ,D,1.13215387055,1.25761467602,1.25003667342,1.45681518644,1.46191449671,1.31472118164
S0345c,2019-11-16T14:02:47.490442Z,2019-11-16T14:14:10.158328Z,2.4_HZ,D,1.13407962602,1.08791361228,1.11465341897,1.42063203279,1.31545389031,1.28571869773
S0345a,2019-11-16T12:06:04.732831Z,2019-11-16T12:28:11.745179Z,LOW_FREQUENCY,C,1.86848434565,2.37726433782,1.87506855975,1.23597997868,1.14542812233,1.23469808725
S0344b,2019-11-15T10:02:02.658912Z,2019-11-15T10:09:30.958480Z,2.4_HZ,D,1.12140395458,1.11223857204,1.12027056625,1.29847938512,1.36386001339,1.37577916704
S0344a,2019-11-15T09:49:12.158792Z,2019-11-15T10:01:04.068697Z,2.4_HZ,C,1.14879581251,1.15071650969,1.09703928345,1.62288632772,1.49678076176,1.54573510993
S0343b,2019-11-14T11:59:39.648596Z,2019-11-14T12:17:42.514331Z,HIGH_FREQUENCY,B,2.3228622282,1.80099856592,1.97456361439,3.33412660921,4.49793387791,3.58790324476
S0343a,2019-11-14T11:41:14.618773Z,2019-11-14T11:57:09.515822Z,VERY_HIGH_FREQUENCY,C,1.20851596628,1.17058270228,1.28445027007,1.56029086038,2.53252391231,1.88715522532
S0342a,2019-11-13T13:07:01.432501Z,2019-11-13T13:23:42.583142Z,2.4_HZ,B,1.38275619003,1.28243975506,1.35877150996,2.17047160686,1.78804582186,2.31975434618
S0341a,2019-11-12T12:25:24.711146Z,2019-11-12T12:36:57.474051Z,2.4_HZ,D,1.14934490793,1.22179127076,1.11192611396,1.23657421478,1.39222643446,1.36478767841
S0340b,2019-11-11T11:11:54.112265Z,2019-11-11T11:27:32.018222Z,2.4_HZ,C,1.04527148562,1.07402604299,1.06370150529,1.65587947056,1.40725893142,1.60454196219
S0340a,2019-11-11T09:57:57.696696Z,2019-11-11T10:13:55.366552Z,HIGH_FREQUENCY,B,2.72002032089,2.44782128421,2.9386210994,2.7745845627,2.5613380579,2.84818212822
S0339f,2019-11-10T11:11:16.898322Z,2019-11-10T11:27:24.496723Z,2.4_HZ,D,1.19752730791,1.11558121579,1.18868109002,1.31898717211,1.29062297079,1.40955356256
S0339b,2019-11-10T10:06:30.180634Z,2019-11-10T10:18:55.859362Z,2.4_HZ,D,0.9716083091,0.959055539539,0.984914610501,1.53292151133,1.61427840727,1.33073979666
S0339a,2019-11-10T09:20:58.337935Z,2019-11-10T09:33:38.470674Z,2.4_HZ,D,1.09071706249,1.02790172033,1.04707088567,1.39856074069,1.30809707934,1.3546864934
S0339e,2019-11-10T08:15:02.069026Z,2019-11-10T08:28:25.173676Z,2.4_HZ,D,1.13623679173,1.12112478001,1.13666495504,1.26618750201,1.28931837776,1.35777703305
S0339d,2019-11-10T07:24:23.184572Z,2019-11-10T07:30:39.749598Z,2.4_HZ,D,1.09620443584,1.0004793928,1.01111460332,1.47271554606,1.39064313508,1.3945443796
S0339c,2019-11-10T06:29:57.807738Z,2019-11-10T06:41:39.082134Z,2.4_HZ,C,1.29469085039,1.14027331973,1.59323274817,1.59242988881,1.67864413738,1.66933427157
S0338b,2019-11-09T07:24:11.190621Z,2019-11-09T07:40:14.595876Z,2.4_HZ,B,1.20884860237,1.11338914959,1.2542486035,3.29420062618,3.32762737963,3.14460329499
S0337a,2019-11-08T11:36:45.249527Z,2019-11-08T11:51:15.463347Z,2.4_HZ,C,1.02509759071,1.08856819347,1.10487491778,1.46335319645,1.43734893132,1.41738939981
S0335b,2019-11-06T09:10:44.763370Z,2019-11-06T09:25:01.442011Z,2.4_HZ,C,1.06771657001,1.05588193758,1.10640811002,1.44891782176,1.41728976397,1.45545957356
S0335c,2019-11-06T07:27:10.931991Z,2019-11-06T07:33:52.328539Z,2.4_HZ,D,1.07715338392,1.08823288502,1.08896985883,1.48832887852,1.56600320105,1.44907701895
S0335a,2019-11-06T04:56:11.266185Z,2019-11-06T05:06:35.014163Z,2.4_HZ,D,1.05635425165,1.10028290227,1.11987325316,1.40367505497,1.45789847802,1.42482751777
S0334c,2019-11-05T06:08:53.330166Z,2019-11-05T06:16:37.893364Z,VERY_HIGH_FREQUENCY,D,1.06352175314,1.08776682172,1.22573062552,1.33512487482,1.23721443611,1.49957496714
S0334b,2019-11-05T05:25:18.236873Z,2019-11-05T05:39:25.194794Z,VERY_HIGH_FREQUENCY,C,1.12998868025,1.14593384949,1.05989385098,1.77138658333,1.76564348145,1.67889002817
S0334a,2019-11-05T04:55:14.976475Z,2019-11-05T05:15:05.384779Z,VERY_HIGH_FREQUENCY,B,1.74559232222,1.78357056982,1.84848108674,10.124472193,8.3471335021,9.12923360613
S0333a,2019-11-04T05:45:47.621011Z,2019-11-04T06:00:31.819992Z,2.4_HZ,C,1.34809589419,1.3183627266,1.2966525484,1.69808000635,1.75904334007,1.60914602025
S0332a,2019-11-03T02:07:27.638879Z,2019-11-03T02:21:48.099440Z,2.4_HZ,C,1.06751141935,1.07927363296,1.03104383423,2.18242806119,2.06203745075,2.37655975626
S0331b,2019-11-02T06:55:39.560251Z,2019-11-02T07:07:53.075997Z,2.4_HZ,C,1.14663503217,1.21102036688,1.18432807258,2.32023993814,2.37119453768,2.42972507373
S0331a,2019-11-01T08:40:10.644513Z,2019-11-01T08:57:16.271746Z,HIGH_FREQUENCY,B,1.15791161047,1.20120606492,1.34297249173,8.41983605138,5.87192264408,5.25810719641
S0330a,2019-10-31T10:20:08.355834Z,2019-10-31T10:39:43.751487Z,LOW_FREQUENCY,D,1.42463146434,1.25587699607,1.4246405378,1.47161869014,1.32745138254,1.36021187686
S0329a,2019-10-31T04:40:14.618807Z,2019-10-31T04:57:30.455079Z,2.4_HZ,C,1.25759432007,1.2760360577,1.16567018216,2.25453603372,1.93867231149,2.27430765968
S0329b,2019-10-31T00:44:20.133854Z,2019-10-31T00:49:19.556881Z,LOW_FREQUENCY,D,1.70425845697,1.96081840086,1.5282224077,1.08526457318,1.02821433709,1.12547837411
S0325e,2019-10-27T02:02:20.841141Z,2019-10-27T02:16:10.953353Z,2.4_HZ,C,1.06565293182,1.0804527662,1.09802539814,1.35595044483,1.51517161915,1.27450177742
S0325c,2019-10-27T01:26:23.581594Z,2019-10-27T01:38:14.125794Z,2.4_HZ,B,1.12111253301,1.12793268673,1.09650917626,1.83222707946,1.41489289417,1.48997889262
S0325a,2019-10-26T06:58:55.171919Z,2019-10-26T07:18:35.300263Z,LOW_FREQUENCY,B,1.97224804474,1.61172242713,1.86375031249,1.15652161244,1.24289019108,1.21274362708
S0325b,2019-10-26T04:41:24.693640Z,2019-10-26T04:57:48.098481Z,HIGH_FREQUENCY,B,1.18489140158,1.15992391182,1.26480438584,3.51589752711,2.62719463651,2.96066586462
S0324e,2019-10-26T02:17:37.933238Z,2019-10-26T02:24:01.005908Z,2.4_HZ,D,1.22223609919,1.09792207731,1.05455148558,1.84263327256,1.62128002798,1.57376300048
S0324d,2019-10-25T21:18:26.379846Z,2019-10-25T21:32:24.854105Z,2.4_HZ,C,1.25135060926,1.28853485107,1.41728708851,1.56096900425,1.61803236672,1.70679906096
S0324c,2019-10-25T08:08:32.084255Z,2019-10-25T08:18:50.263343Z,2.4_HZ,D,1.21231507406,1.0784222666,1.08176174718,2.03716284888,1.85647396648,1.83327945013
S0324b,2019-10-25T06:23:08.759630Z,2019-10-25T06:27:56.547061Z,2.4_HZ,D,1.08968592148,1.07807453612,0.983317183226,1.7519723653,1.10198877975,1.18019632471
S0324a,2019-10-25T05:21:24.085548Z,2019-10-25T05:41:04.084952Z,HIGH_FREQUENCY,D,1.23178213651,1.30448865381,1.18125157558,1.39393769704,1.15968051251,1.28273953628
S0323c,2019-10-25T00:58:07.350059Z,2019-10-25T01:13:38.216635Z,2.4_HZ,B,1.13294748485,1.12508412498,1.1183357335,1.78924848837,1.83341070193,1.77948193438
S0323d,2019-10-25T00:26:42.096918Z,2019-10-25T00:37:24.061555Z,LOW_FREQUENCY,C,1.51784886974,2.10752790508,1.57889577726,1.56906853216,1.52105155014,1.61597650184
S0323b,2019-10-25T00:07:04.681904Z,2019-10-25T00:20:02.501526Z,2.4_HZ,C,1.20747587111,1.24200669735,1.19711918805,1.99545387134,1.73311908879,1.73679603032
S0323a,2019-10-24T21:14:01.130800Z,2019-10-24T21:30:35.775246Z,HIGH_FREQUENCY,B,1.02923073206,1.13756227678,1.13028927008,2.57010938595,2.6216674678,2.18515257403
S0322a,2019-10-23T02:09:02.653387Z,2019-10-23T02:22:18.280510Z,2.4_HZ,C,1.08063449453,1.14095830677,1.05049280257,2.36421896691,2.02023909902,1.82437982063
S0321a,2019-10-22T19:41:52.126578Z,2019-10-22T19:54:41.837643Z,2.4_HZ,B,1.28871962425,1.23667270244,1.19699147827,1.59249505016,1.83041403319,1.47166661157
S0320b,2019-10-21T20:14:42.522008Z,2019-10-21T20:27:38.482100Z,LOW_FREQUENCY,C,2.9148839568,2.40882933839,2.40577759701,1.22087669816,1.40453455729,1.4069004412
S0320a,2019-10-21T04:54:17.648875Z,2019-10-21T05:07:50.931437Z,2.4_HZ,C,1.15147451238,1.16191889913,1.19724997264,3.13077125106,2.45875869342,2.29424349593
S0319b,2019-10-20T17:43:48.513634Z,2019-10-20T17:59:01.539990Z,HIGH_FREQUENCY,B,1.44502851146,1.36295313012,1.43199816628,4.83536312574,4.18835831258,3.90931309198
S0319a,2019-10-20T03:25:48.491702Z,2019-10-20T03:40:46.640162Z,HIGH_FREQUENCY,B,0.988690346164,0.992065880859,1.07164650118,2.38707859261,2.13351458324,2.05524304926
S0318a,2019-10-19T19:25:29.693703Z,2019-10-19T19:42:19.033418Z,2.4_HZ,C,1.05668018047,1.07092850884,1.06117028315,2.13282042353,2.01010587053,2.22417745742
S0315d,2019-10-16T17:17:13.607976Z,2019-10-16T17:36:52.507045Z,2.4_HZ,C,1.09555889058,1.05691497199,1.10738909868,1.61668716207,1.65011876063,1.64678764798
S0315c,2019-10-16T15:39:38.047872Z,2019-10-16T15:59:20.115518Z,2.4_HZ,D,1.07295343236,0.978850566785,1.05482881647,1.35550476457,1.25072638554,1.32232025252
S0315b,2019-10-16T15:12:41.388803Z,2019-10-16T15:25:07.925839Z,HIGH_FREQUENCY,B,1.41224518771,1.29070352163,1.37912104062,2.74096675793,2.31808819534,2.55859535216
S0315a,2019-10-16T00:23:24.545549Z,2019-10-16T00:36:24.059158Z,2.4_HZ,D,1.00352706047,1.13452398349,1.09199827428,1.9583253286,1.43496529504,1.49219133231
S0314b,2019-10-15T15:41:36.753559Z,2019-10-15T15:58:03.766770Z,HIGH_FREQUENCY,B,1.10314560613,1.23159429893,1.20593674257,4.61543141845,4.297993572,4.08397166815
S0314a,2019-10-15T14:25:51.632638Z,2019-10-15T14:42:47.123112Z,2.4_HZ,B,1.43020924152,1.28546859766,1.43252559731,2.29714162161,2.08652522132,2.11840364725
S0313a,2019-10-14T13:04:28.833913Z,2019-10-14T13:14:38.349936Z,2.4_HZ,D,1.2426299014,1.14706711983,1.18783881137,2.99867399196,2.51438762531,2.13744775351
S0312b,2019-10-13T16:42:09.065288Z,2019-10-13T16:58:58.939560Z,2.4_HZ,D,1.11782865707,1.26286478892,1.26088175154,1.79527028919,1.54285315688,1.75735279439
S0312a,2019-10-13T14:52:22.641832Z,2019-10-13T15:06:11.900954Z,2.4_HZ,D,1.03895153092,1.15225737949,1.09113226704,1.55691191467,1.49512341024,1.49808518968
S0311b,2019-10-12T16:18:08.091475Z,2019-10-12T16:33:02.740052Z,2.4_HZ,B,1.10618286251,1.18628890095,1.06234162124,2.50625076869,2.31083628429,2.03177087303
S0311a,2019-10-12T13:11:05.128167Z,2019-10-12T13:29:38.689787Z,HIGH_FREQUENCY,C,1.43388440217,1.43304329173,1.61315290241,4.02889249077,3.20734272289,3.27699920049
S0310a,2019-10-11T11:27:12.929995Z,2019-10-11T11:41:45.372811Z,2.4_HZ,D,1.24109592584,1.25868130279,1.23190728502,2.39405700302,2.11358454115,2.48127108125
S0309c,2019-10-10T15:37:59.364633Z,2019-10-10T15:50:31.106446Z,2.4_HZ,C,1.20637778089,1.24792325965,1.32868303496,1.7343193207,1.62841690652,1.6973342793
S0309b,2019-10-10T15:15:43.077897Z,2019-10-10T15:25:49.671544Z,2.4_HZ,D,1.12074867955,1.26232864604,1.26545903344,1.89347723155,1.84474679582,1.70669695758
S0309a,2019-10-10T10:58:09.683329Z,2019-10-10T11:19:13.180419Z,2.4_HZ,D,1.76113969224,1.17029895226,1.9586689133,2.19187163081,2.29844837415,2.07608063057
S0308a,2019-10-09T15:46:04.420005Z,2019-10-09T16:02:30.243701Z,HIGH_FREQUENCY,B,1.1271830929,1.11942628032,1.09378148207,3.9265616058,3.55966074556,3.03353092073
S0308b,2019-10-09T10:01:15.630905Z,2019-10-09T10:21:30.077346Z,2.4_HZ,C,1.45859862094,0.985094934347,1.42064837905,2.64722326651,2.22823020951,2.28325145087
S0306a,2019-10-07T15:05:22.189209Z,2019-10-07T15:19:49.190175Z,HIGH_FREQUENCY,C,1.14095819115,1.20426844184,1.18171953381,3.36894611751,2.99408233276,2.99496969166
S0306c,2019-10-06T18:43:15.967779Z,2019-10-06T18:52:03.953567Z,VERY_HIGH_FREQUENCY,C,1.01572228113,1.03127535442,1.09536100741,1.18445908724,1.16096013964,1.10780085774
S0306d,2019-10-06T17:37:46.276037Z,2019-10-06T17:47:02.722017Z,2.4_HZ,D,1.07249522269,1.15528591934,1.27592992363,1.83959119764,1.56732758064,1.52461136656
S0305a,2019-10-06T11:56:24.285953Z,2019-10-06T12:11:04.256646Z,2.4_HZ,D,1.07495034203,1.1271183518,1.14600440869,1.34628249311,1.40487507551,1.46761357666
S0304b,2019-10-05T12:47:56.545428Z,2019-10-05T13:01:21.462557Z,HIGH_FREQUENCY,B,1.29388188504,1.32646169489,1.29574207759,3.8670201886,3.30593091984,3.40080774728
S0304a,2019-10-05T08:48:38.115748Z,2019-10-05T09:04:57.543842Z,2.4_HZ,C,1.39341078451,1.50497127801,1.41513591008,2.83853973696,2.46965855254,2.26448121357
S0304c,2019-10-04T17:58:12.363585Z,2019-10-04T18:14:05.597356Z,2.4_HZ,D,1.13572715182,1.08644410121,1.13310828184,1.69173176931,1.53162879541,1.75492215425
S0303b,2019-10-04T07:42:09.079644Z,2019-10-04T07:56:03.997613Z,2.4_HZ,C,1.33438489679,1.19367169698,1.24432477323,2.18357100882,1.4444108719,1.96833834158
S0303a,2019-10-03T17:14:12.780168Z,2019-10-03T17:36:47.617531Z,HIGH_FREQUENCY,C,1.37187458035,1.27050591067,1.30208112636,2.45182863399,2.09579621768,2.48121667005
S0302d,2019-10-03T10:55:20.156377Z,2019-10-03T11:11:18.805636Z,2.4_HZ,D,1.01290851094,1.09196986752,1.04233516181,1.34989311513,1.17545604287,1.16981542242
S0302c,2019-10-03T09:54:16.099506Z,2019-10-03T10:10:58.824593Z,2.4_HZ,D,1.02201777885,1.0954187381,1.10553944805,1.61131049625,1.48956329713,1.27029345189
S0302b,2019-10-03T09:30:19.443816Z,2019-10-03T09:45:36.049870Z,2.4_HZ,D,0.988051813518,1.04237398251,1.13489534255,1.42617933838,1.3648086905,1.37376381313
S0302a,2019-10-03T08:18:58.463656Z,2019-10-03T08:34:18.962217Z,2.4_HZ,D,1.17893157052,1.10608350905,1.12347587742,1.78938014096,1.71774058749,1.74476113507
S0301b,2019-10-02T08:27:17.959435Z,2019-10-02T08:36:09.333534Z,VERY_HIGH_FREQUENCY,D,1.01465571123,1.06998024715,1.25562960025,1.56615473804,1.49803045028,1.68212782173
S0301a,2019-10-01T15:02:09.871588Z,2019-10-01T15:21:05.968485Z,2.4_HZ,C,1.16081076582,1.20758417209,1.04796453751,2.44787229608,1.75005393448,1.73891704768
S0300a,2019-10-01T07:20:00.687926Z,2019-10-01T07:30:48.330939Z,2.4_HZ,C,1.00585184684,1.14471640117,1.1003746194,1.98095266273,1.7577529322,1.87128358683
S0299b,2019-09-30T06:31:30.681591Z,2019-09-30T06:43:58.644719Z,2.4_HZ,C,1.05096163624,1.106250199,1.0619919631,2.02042580477,1.84041210825,1.82583585961
S0299a,2019-09-29T13:14:21.912306Z,2019-09-29T13:28:22.524825Z,2.4_HZ,C,1.24265706129,1.32179728778,1.31620364676,3.02614228503,2.34950216329,2.24479677863
S0298a,2019-09-29T06:43:03.624905Z,2019-09-29T06:52:50.061834Z,2.4_HZ,D,1.14887974558,1.20056900342,1.27386643401,2.03257397595,1.42174807539,1.49961301638
S0297e,2019-09-28T06:49:06.648597Z,2019-09-28T07:01:21.481518Z,2.4_HZ,C,1.00670000304,1.13796753522,1.03974503766,1.5615508945,1.60779826051,1.64585486027
S0297d,2019-09-28T05:26:29.090194Z,2019-09-28T05:38:44.899587Z,2.4_HZ,C,0.885571503216,0.96498470165,0.862283155879,1.19112463634,1.08179764561,1.04845432831
S0297c,2019-09-28T03:51:16.636413Z,2019-09-28T04:05:46.890089Z,2.4_HZ,C,1.13509279074,1.25780460192,1.06076189996,1.81379710494,1.56998838046,1.6101596916
S0297b,2019-09-27T15:02:25.414571Z,2019-09-27T15:16:00.248334Z,2.4_HZ,C,0.880580163988,0.904187794573,0.87874809,1.81232448789,1.59308491358,1.59455316028
S0297a,2019-09-27T13:01:38.595988Z,2019-09-27T13:13:24.337876Z,2.4_HZ,D,1.44761769918,1.1999777155,1.34039387673,2.98032374335,2.50336881171,2.4399179475
S0295b,2019-09-26T06:14:02.202495Z,2019-09-26T06:27:30.272370Z,2.4_HZ,C,0.881927968333,0.980742592645,0.880129493977,2.13891415985,1.97456332739,1.90408766585
S0295a,2019-09-25T13:21:09.250611Z,2019-09-25T13:37:53.701149Z,2.4_HZ,D,1.39707703633,1.62525301613,1.22604334053,2.83813906108,2.33145284381,2.40549514172
S0294b,2019-09-25T06:28:00.524675Z,2019-09-25T06:41:34.975290Z,2.4_HZ,C,1.39074116224,1.42567562673,1.3236718041,2.62770592563,2.31381583066,2.23971625996
S0294a,2019-09-25T03:59:21.252029Z,2019-09-25T04:06:24.937354Z,2.4_HZ,D,1.00722822041,1.04259972954,1.08515367921,2.02713603603,2.06544890116,1.78128629237
S0292a,2019-09-23T03:44:42.887549Z,2019-09-23T04:01:48.037075Z,HIGH_FREQUENCY,C,1.13181774285,1.20444024549,1.24945189521,1.87395795866,1.90394257293,2.06032735882
S0292c,2019-09-23T01:39:30.033101Z,2019-09-23T01:58:46.995206Z,2.4_HZ,C,1.08281191283,1.14737636111,1.05797397174,1.95743890017,1.95238730494,1.73246082575
S0292b,2019-09-23T01:06:22.689405Z,2019-09-23T01:22:56.243399Z,2.4_HZ,D,1.07902382374,1.25982625533,1.16128772361,1.44145357088,1.2892744012,1.52620876614
S0291a,2019-09-21T06:12:37.288221Z,2019-09-21T06:27:53.833844Z,2.4_HZ,D,1.17028986287,1.19644781865,1.180672739,2.72175740933,2.12261968039,2.03745559592
S0265e,2019-08-26T10:27:42.059996Z,2019-08-26T10:44:55.857700Z,2.4_HZ,B,1.19868587034,1.11149642655,1.1895013476,1.54871375774,1.32580213973,1.41840871861
S0265d,2019-08-26T09:38:15.571354Z,2019-08-26T09:51:30.842169Z,2.4_HZ,D,1.14806778276,1.10979235586,1.10375251308,1.73977066445,1.96304317237,2.04382370879
S0265c,2019-08-26T08:07:08.090749Z,2019-08-26T08:19:24.543802Z,2.4_HZ,C,1.12418167322,1.16304728866,1.29558302669,1.48639814444,1.35670477429,1.51972125134
S0265b,2019-08-26T06:47:41.975661Z,2019-08-26T07:06:09.322759Z,2.4_HZ,C,1.34815127763,1.50034141874,1.49847659175,1.73730006365,1.57715136202,1.56720400989
S0265a,2019-08-26T05:38:26.971023Z,2019-08-26T05:52:42.934569Z,2.4_HZ,D,1.26148731206,1.1485107713,1.11961406141,1.57183058078,1.83258490774,1.69503056114
S0264d,2019-08-25T08:27:05.457308Z,2019-08-25T08:42:47.984088Z,2.4_HZ,D,1.15477098722,1.21418054539,1.23689369145,1.50668570859,1.36820653921,1.36868736522
S0264c,2019-08-25T07:20:34.830370Z,2019-08-25T07:38:50.069022Z,2.4_HZ,D,1.18467312147,1.1385061698,1.1457706375,1.45334116389,1.45238289165,1.57793608912
S0264b,2019-08-25T06:20:06.929163Z,2019-08-25T06:34:48.839907Z,2.4_HZ,B,1.31645043166,1.33201499701,1.34955091444,2.37088048977,2.07893176515,2.01894182722
S0260b,2019-08-21T07:14:22.752389Z,2019-08-21T07:29:20.207987Z,2.4_HZ,C,1.07620583047,1.04904135661,1.23429571985,1.52995058718,1.4503032754,1.41219248199
S0260a,2019-08-21T05:11:08.385435Z,2019-08-21T05:28:41.206683Z,HIGH_FREQUENCY,B,1.80804977322,1.696727162,1.86550074468,6.71527450902,6.00321945986,6.286713906
S0257c,2019-08-18T03:35:30.327744Z,2019-08-18T03:46:24.373839Z,2.4_HZ,D,0.936641377714,1.12931683971,0.884633371401,1.29991207405,1.46017985926,1.35646892415
S0257b,2019-08-18T01:05:34.205201Z,2019-08-18T01:18:40.621811Z,2.4_HZ,B,1.37268410889,1.34590730956,1.37399967695,2.3606235543,3.24484604514,2.83862901741
S0257a,2019-08-18T00:23:04.309844Z,2019-08-18T00:36:46.541402Z,2.4_HZ,C,1.58619215191,1.40503447952,1.44259808753,2.16398608219,2.75992456175,2.48017689153
S0256c,2019-08-17T04:48:37.646889Z,2019-08-17T05:02:04.349459Z,2.4_HZ,C,0.931517832435,1.1108842694,1.00772775598,1.63800880756,1.68479186077,1.77556017954
S0256a,2019-08-17T02:20:36.056378Z,2019-08-17T02:31:48.858517Z,2.4_HZ,D,1.07593036221,1.00865476798,1.14455460442,1.81319397428,1.6805445644,1.68747332255
S0256b,2019-08-16T09:50:52.353962Z,2019-08-16T10:05:49.376153Z,2.4_HZ,D,1.08573859075,1.13445191392,1.03213224206,1.44371746241,1.13520325809,1.09766785377
S0255b,2019-08-16T04:02:52.608218Z,2019-08-16T04:16:14.005957Z,2.4_HZ,B,1.1102216549,1.1272740616,1.02180083205,2.22693515481,2.2146380388,1.8903264954
S0255a,2019-08-16T00:25:33.621901Z,2019-08-16T00:40:12.852693Z,2.4_HZ,D,1.00101033853,1.14671506969,1.10326627717,1.24690932203,1.2651458628,1.16508838126
S0254b,2019-08-15T03:08:04.009122Z,2019-08-15T03:17:15.978683Z,LOW_FREQUENCY,D,2.27030444815,2.12748008516,2.15087831668,1.36100509606,1.37942252723,1.2996437087
S0254c,2019-08-15T02:41:00.727724Z,2019-08-15T02:52:21.860840Z,2.4_HZ,C,1.12041687769,1.07066268333,1.07778054586,1.42439712787,1.5866777922,1.51981901984
S0254a,2019-08-15T00:03:54.417449Z,2019-08-15T00:18:26.759219Z,2.4_HZ,C,1.08463787028,1.20683873724,1.24504588712,2.05670698124,1.92561975496,1.61678251659
S0253b,2019-08-14T00:19:43.066131Z,2019-08-14T00:34:01.684208Z,2.4_HZ,C,1.1561522535,1.1409386666,1.07512354014,1.43112983219,1.34346669437,1.41577754557
S0253a,2019-08-13T23:36:30.955878Z,2019-08-13T23:50:32.647286Z,2.4_HZ,D,1.05881739732,1.18800075446,1.04523572737,1.7185235638,1.47183744342,1.66272698134
S0252a,2019-08-12T23:51:54.243203Z,2019-08-13T00:07:05.991446Z,2.4_HZ,B,1.15388363818,1.18277360438,1.20946470241,2.77658370985,2.95321030472,2.61021154564
S0252b,2019-08-12T21:17:35.168503Z,2019-08-12T21:29:41.721997Z,2.4_HZ,C,1.03041001325,1.30675518006,1.25774927894,2.14294076503,1.9097137783,2.18769950772
S0251a,2019-08-11T23:07:15.740083Z,2019-08-11T23:59:34.324958Z,LOW_FREQUENCY,D,2.29927539541,2.09301961219,1.93722242469,1.12890888478,1.11446710601,1.1247648503
S0251c,2019-08-11T20:59:00.940551Z,2019-08-11T21:13:13.810883Z,2.4_HZ,C,1.09353560195,1.37804548283,1.51010255117,1.62270329784,1.43985564811,1.56674889441
S0251b,2019-08-11T20:44:24.721952Z,2019-08-11T20:58:42.462178Z,2.4_HZ,D,0.965830381351,1.17006057518,1.20603820712,1.33984448461,1.65511270628,1.5099118627
S0250b,2019-08-11T00:16:03.897628Z,2019-08-11T00:25:40.487822Z,2.4_HZ,D,1.08720453428,1.15603076103,1.11727066823,1.26253352555,1.26535458788,1.26344139503
S0250a,2019-08-10T21:28:55.359326Z,2019-08-10T21:40:05.832362Z,2.4_HZ,C,1.07457977939,1.40368550616,1.26209791596,1.58082720142,1.49317631133,1.81821142606
S0249a,2019-08-09T21:33:20.102923Z,2019-08-09T21:42:36.814660Z,2.4_HZ,D,1.11994440882,1.14016194816,1.13875114539,1.43693691738,1.52658572435,1.84970585191
S0247b,2019-08-07T21:58:46.696942Z,2019-08-07T22:11:03.277814Z,2.4_HZ,B,1.09284952624,1.09995502383,1.10834325687,1.52825569,1.56784620342,1.35872911099
S0247a,2019-08-07T21:40:08.285803Z,2019-08-07T21:53:00.528093Z,2.4_HZ,B,1.11124466455,1.14258019227,1.10878255692,1.7576500798,1.69003764926,1.90107919304
S0244d,2019-08-04T20:49:13.560886Z,2019-08-04T21:03:43.742005Z,2.4_HZ,C,1.08789271079,1.22493517987,1.12302838402,2.02275209956,1.59986049523,1.97649924981
S0244e,2019-08-04T19:17:03.089829Z,2019-08-04T19:29:34.574362Z,2.4_HZ,C,1.10771004249,1.01480631073,1.05778940279,1.40794105558,1.21612242825,1.17986544159
S0244c,2019-08-04T18:05:34.967450Z,2019-08-04T18:14:42.073053Z,2.4_HZ,C,1.17640863033,1.08695860687,1.1374592795,1.9930334838,1.71266241087,1.721400626
S0244b,2019-08-04T17:44:36.931381Z,2019-08-04T17:55:39.697856Z,2.4_HZ,C,1.0329514914,1.2136612385,1.15157159782,1.51397892973,1.31233286388,1.50075330588
S0244a,2019-08-04T17:00:19.428615Z,2019-08-04T17:08:55.954450Z,2.4_HZ,C,0.989068832931,0.960976899069,1.05407219717,1.11599553253,1.08427587236,1.17282155005
S0242d,2019-08-02T17:44:56.739417Z,2019-08-02T17:56:06.554187Z,2.4_HZ,D,1.10675479405,1.12287873695,1.02101322327,1.12219916023,0.966863188376,1.03928528082
S0242b,2019-08-02T16:01:59.467708Z,2019-08-02T16:16:24.851299Z,2.4_HZ,C,1.31023156225,1.23223379368,1.20105641577,1.66214969643,1.93701428127,1.59428029909
S0242a,2019-08-02T15:11:02.043591Z,2019-08-02T15:24:34.663811Z,2.4_HZ,C,1.69532751388,1.44249395919,1.60736650451,2.67041017397,2.59030850022,2.59661589181
S0242c,2019-08-01T21:40:29.675613Z,2019-08-01T21:49:23.995431Z,2.4_HZ,D,1.12954944974,1.05830269803,1.14657465222,2.8183778731,2.32648881378,2.05215180074
S0241b,2019-08-01T18:46:29.881050Z,2019-08-01T18:57:46.169837Z,2.4_HZ,C,1.11472673382,1.16897166615,1.07008032137,1.357168205,1.43463873134,1.36628426774
S0241a,2019-08-01T15:44:51.874857Z,2019-08-01T15:58:13.819175Z,VERY_HIGH_FREQUENCY,C,1.05804423295,1.316204443,1.18884131666,1.55755920204,1.39656833325,1.31259970472
S0240a,2019-07-31T14:45:38.681547Z,2019-07-31T15:04:13.463203Z,LOW_FREQUENCY,D,2.255962657,2.13335430044,2.21960783528,1.27743926287,1.22312562385,1.28640059776
S0239a,2019-07-30T14:16:49.430121Z,2019-07-30T14:32:10.065547Z,HIGH_FREQUENCY,B,1.62379258131,1.70067664851,1.81211024715,3.94178731048,3.33755739479,3.66717732803
S0238a,2019-07-29T13:28:15.129918Z,2019-07-29T13:38:03.070414Z,2.4_HZ,D,0.992734078194,1.19841412183,1.06659974726,1.39056720959,1.32682630447,1.50260599005
S0237a,2019-07-28T14:13:41.322834Z,2019-07-28T14:26:36.581646Z,2.4_HZ,D,1.05828183362,0.970368611175,1.01379908091,1.31638038899,1.26377290548,1.31895049311
S0236b,2019-07-27T13:49:53.048358Z,2019-07-27T14:01:57.746134Z,2.4_HZ,D,1.12380275701,1.1686561564,1.08370439535,1.41699485872,1.31920811988,1.22810726311
S0236a,2019-07-27T10:44:02.991569Z,2019-07-27T10:55:47.323779Z,2.4_HZ,D,1.14430529376,1.35094918417,1.3111896426,1.65636751369,1.60949857717,1.61795287887
S0235d,2019-07-26T15:10:18.239950Z,2019-07-26T15:22:03.235870Z,2.4_HZ,C,1.03838991261,1.06565694793,0.973184895601,1.54447974849,1.7222047592,2.06134989303
S0235c,2019-07-26T12:53:39.817771Z,2019-07-26T13:01:42.148784Z,BROADBAND,C,1.74237690077,1.67968513498,1.70405232401,1.22810945782,1.49742076875,1.91545518692
S0235b,2019-07-26T12:19:16.991001Z,2019-07-26T13:18:08.014907Z,BROADBAND,A,14.9473346546,15.8131865279,14.8044185247,2.08153766215,2.12612809401,3.05715108848
S0235a,2019-07-26T10:47:38.037472Z,2019-07-26T11:00:39.977801Z,2.4_HZ,D,1.11194487987,1.16798528207,1.2208530086,1.42600050542,1.38086349361,1.4238597574
S0234d,2019-07-25T14:14:09.651840Z,2019-07-25T14:27:45.190455Z,BROADBAND,D,1.33005066302,1.39920657793,1.34121536764,1.33750059409,1.2916942798,1.23419281516
S0234c,2019-07-25T12:54:18.990042Z,2019-07-25T13:09:32.739497Z,LOW_FREQUENCY,D,1.79217006977,1.50045493294,1.86691781043,1.27096663158,1.17534138056,1.34029142753
S0234b,2019-07-25T12:35:08.639128Z,2019-07-25T12:43:48.009497Z,2.4_HZ,C,1.18925281409,1.03919817344,0.978250979395,1.42803989261,1.45567475139,1.34463960869
S0234a,2019-07-25T10:20:28.403991Z,2019-07-25T10:29:57.114129Z,2.4_HZ,D,1.25317554728,1.10236623183,1.22808665459,2.85839928177,2.10708705652,2.23989397274
S0229a,2019-07-20T08:50:08.453803Z,2019-07-20T09:04:03.743805Z,2.4_HZ,B,1.14766461475,1.13709970996,1.09953671824,1.92478920516,1.71131397594,1.89005533829
S0228c,2019-07-19T09:38:15.396682Z,2019-07-19T09:52:21.660437Z,HIGH_FREQUENCY,B,1.30815441189,1.32932510558,1.33157202912,2.77874597348,2.91437312427,2.54985121599
S0228b,2019-07-19T07:17:52.117552Z,2019-07-19T07:29:13.901172Z,2.4_HZ,C,1.08962952522,1.31872944951,1.19560453465,1.60598760517,1.60581135051,1.52530549755
S0228a,2019-07-19T05:37:03.229166Z,2019-07-19T05:44:26.553033Z,2.4_HZ,D,1.0362378891,1.42762485086,1.31684757977,1.31227519655,1.34451888564,1.28516533953
S0227d,2019-07-18T08:43:56.867128Z,2019-07-18T08:58:38.205064Z,2.4_HZ,B,1.22294518073,1.14274748651,1.19798423031,2.2260748273,1.8974646332,2.2439513422
S0227c,2019-07-18T07:49:18.459293Z,2019-07-18T08:06:11.465464Z,2.4_HZ,D,1.19569850445,1.18589966611,1.20429601998,2.05812194483,1.57772221699,1.65430056331
S0227b,2019-07-18T06:56:17.053781Z,2019-07-18T07:04:00.422134Z,2.4_HZ,D,1.05562422225,1.05264180281,1.04426136769,1.21624611816,1.0259159299,1.05109073128
S0227a,2019-07-18T06:05:48.680773Z,2019-07-18T06:15:51.490316Z,2.4_HZ,D,1.19057088538,1.17645765762,1.18294755964,1.3132551166,1.27075313524,1.11845372404
S0222a,2019-07-13T03:32:44.165683Z,2019-07-13T03:45:15.940942Z,2.4_HZ,B,1.16410751457,1.34285980091,1.27297805561,2.54519010395,2.26659501859,2.03440231719
S0221c,2019-07-12T03:40:46.869114Z,2019-07-12T03:49:02.411104Z,2.4_HZ,C,1.03730493127,0.971671999471,1.07147923658,1.42846399459,1.31652093668,1.5459848283
S0221b,2019-07-12T03:08:21.874839Z,2019-07-12T03:19:50.371862Z,2.4_HZ,C,0.967671419521,1.02970517865,1.04941515806,1.3512609149,1.44789985116,1.60918035868
S0221a,2019-07-11T08:02:24.104124Z,2019-07-11T08:05:42.845619Z,2.4_HZ,D,1.15156307824,1.2085371126,1.07230298445,3.1232441308,2.39305820554,2.40507600373
S0219c,2019-07-10T03:19:56.622917Z,2019-07-10T03:37:58.833515Z,2.4_HZ,B,1.09308064469,1.2802116058,1.11709191979,2.10376588844,1.8854228058,1.65327851059
S0219b,2019-07-10T02:21:29.535893Z,2019-07-10T02:36:08.062975Z,2.4_HZ,C,1.14547658337,1.11673724787,1.07875118794,2.16253237596,1.95586114772,2.22025083207
S0219a,2019-07-10T00:20:28.232776Z,2019-07-10T00:38:12.801451Z,2.4_HZ,C,1.1520423927,1.35891593622,1.23177872518,1.49237175888,1.6173651554,1.94285986087
S0218a,2019-07-09T05:03:00.088851Z,2019-07-09T05:18:53.673468Z,VERY_HIGH_FREQUENCY,B,0.918770863145,0.866112732095,1.00035036256,2.76119802022,2.31027067016,1.98106486554
S0217a,2019-07-08T00:25:58.061792Z,2019-07-08T00:44:31.600435Z,BROADBAND,C,1.87555154765,1.42863577014,1.70569386566,1.4061446689,1.34286050005,1.27150490525
S0216b,2019-07-06T10:01:07.601108Z,2019-07-06T10:15:40.229737Z,2.4_HZ,B,1.08272063228,1.0556588994,1.03721928888,2.03307718838,1.83838530176,1.99274162738
S0215b,2019-07-05T23:48:11.538672Z,2019-07-05T23:55:39.534992Z,2.4_HZ,D,1.08604172833,1.10729240166,1.09000637589,1.27014446272,0.951820397799,1.23503604924
S0215a,2019-07-05T23:12:38.987514Z,2019-07-05T23:26:26.435762Z,2.4_HZ,C,1.19818230645,1.14423536735,1.15834719381,1.583843437,1.29684268466,1.37928448355
S0213a,2019-07-03T06:44:22.785108Z,2019-07-03T07:01:33.388522Z,HIGH_FREQUENCY,C,1.20736459263,1.28694011539,1.33122289305,2.05774155644,1.68615107708,1.67806182917
S0212c,2019-07-02T07:33:49.988357Z,2019-07-02T07:48:57.194594Z,2.4_HZ,C,1.13305356826,1.22046896609,1.15828671998,1.94399659644,1.63661367721,1.83582824933
S0212b,2019-07-02T06:29:31.422200Z,2019-07-02T06:40:20.526030Z,2.4_HZ,D,1.12743496737,1.08004312538,1.12086102128,2.25820080596,1.87346635043,2.28931928888
S0212a,2019-07-02T03:46:09.561263Z,2019-07-02T04:00:10.467518Z,2.4_HZ,C,1.24852733095,1.15772232529,1.18946955256,1.6949452574,1.70817475031,1.63291193136
S0211a,2019-07-01T21:39:33.772581Z,2019-07-01T21:50:34.240413Z,2.4_HZ,D,1.03950897594,1.15606211334,1.12960993418,2.12979289451,1.68894180706,1.84364354325
S0211b,2019-07-01T19:49:21.067038Z,2019-07-01T19:59:15.653126Z,2.4_HZ,D,1.25945949601,0.959243738837,1.05615535546,1.86002952448,1.43079394271,1.4617947417
S0205a,2019-06-25T17:09:30.641641Z,2019-06-25T17:21:27.753912Z,BROADBAND,C,2.03852983512,2.09857819376,2.1739888133,1.34126003431,1.11368087681,1.14424437072
S0204a,2019-06-23T23:57:05.282264Z,2019-06-24T00:10:25.434342Z,2.4_HZ,D,1.07362309544,0.998804089059,1.15107232213,1.84643499806,1.82672241931,1.54518419933
S0203b,2019-06-23T17:17:37.535874Z,2019-06-23T17:31:02.210971Z,2.4_HZ,C,1.02102748548,1.03505728463,1.02683727424,1.67801886738,1.49831160438,1.36092053742
S0203a,2019-06-23T15:46:10.579345Z,2019-06-23T15:58:06.664486Z,2.4_HZ,D,1.14747845282,1.1608286407,1.10229145869,1.41441529351,1.27085658193,1.28374887884
S0202c,2019-06-22T15:50:25.592586Z,2019-06-22T16:07:28.237414Z,HIGH_FREQUENCY,C,1.07240759676,1.1576241082,1.17963655023,3.09261265817,2.433420198,2.64702832897
S0202b,2019-06-22T14:01:40.134300Z,2019-06-22T14:14:01.114976Z,VERY_HIGH_FREQUENCY,C,1.09245301678,1.07844551629,0.977434586693,2.95144771441,2.27112856958,2.17845914852
S0202a,2019-06-22T01:17:10.378059Z,2019-06-22T01:28:24.493769Z,2.4_HZ,D,1.26819888443,1.09515682801,1.09409033247,1.89945960583,1.67196934565,1.72584383397
S0201b,2019-06-21T15:13:05.945711Z,2019-06-21T15:24:11.739915Z,2.4_HZ,C,1.14090295721,1.11036990451,1.06819672702,2.5417629952,1.96450370266,2.30809620134
S0201a,2019-06-21T12:52:49.316985Z,2019-06-21T13:00:23.306578Z,LOW_FREQUENCY,D,1.41259687189,1.62787827521,1.47596147335,1.22190511201,1.06999817355,1.1818564491
S0200a,2019-06-20T15:02:30.846387Z,2019-06-20T15:14:11.292910Z,2.4_HZ,C,1.07439017969,1.0955931637,1.08858543704,2.21523683121,1.8135040076,1.80223311226
S0197a,2019-06-17T12:16:30.936698Z,2019-06-17T12:25:12.475374Z,2.4_HZ,D,1.09784533644,1.03520761307,1.01052091708,1.2290681626,1.41195519273,1.34148855657
S0191a,2019-06-11T07:00:33.262018Z,2019-06-11T07:13:35.451150Z,2.4_HZ,D,0.982471094677,1.10192822132,1.13602235465,1.36084189837,1.34820353096,1.24592220682
S0186a,2019-06-06T03:32:46.151479Z,2019-06-06T03:49:20.108102Z,2.4_HZ,C,1.05515038039,1.15037796524,1.07203561955,0.882150840368,0.913290832323,0.992213300146
S0186b,2019-06-05T11:17:56.695141Z,2019-06-05T11:31:11.919147Z,2.4_HZ,D,1.01987081313,1.09794131768,1.02246353957,1.26772049262,1.05527865731,1.00238397739
S0185b,2019-06-05T03:29:15.051849Z,2019-06-05T03:45:25.293533Z,HIGH_FREQUENCY,B,1.30871610635,1.275306094,1.32663671452,2.02287558563,1.87956340694,1.64708078901
S0185a,2019-06-05T02:13:03.263125Z,2019-06-05T02:39:55.375855Z,BROADBAND,B,4.85006245244,4.34410375225,4.53662871767,1.08761542426,1.29725042004,1.10945709694
S0183b,2019-06-03T03:55:03.998228Z,2019-06-03T04:10:19.261621Z,2.4_HZ,C,1.26822861456,1.35466580738,1.29247082467,1.38935008477,1.42230935674,1.51762001381
S0183a,2019-06-03T02:27:47.672951Z,2019-06-03T02:38:54.139813Z,LOW_FREQUENCY,B,2.29135009105,1.76776165135,2.20414897382,1.39008023283,1.14820121873,1.22613700544
S0173a,2019-05-23T02:22:48.546895Z,2019-05-23T03:00:23.550454Z,LOW_FREQUENCY,A,7.79492868049,8.87825824871,9.20299131498,1.1005842291,1.11082390292,0.973989729303
S0168a,2019-05-18T18:05:13.341364Z,2019-05-18T18:18:55.464907Z,2.4_HZ,C,1.25937234753,1.27852571192,1.19800033904,1.47709426946,1.22726190399,1.18945732674
S0167b,2019-05-17T19:30:04.012298Z,2019-05-17T19:45:22.083432Z,LOW_FREQUENCY,C,1.06430532524,1.1942562578,1.07872495827,1.09161783567,1.09289341847,1.15897142371
S0167a,2019-05-17T16:47:15.275329Z,2019-05-17T17:03:27.425250Z,LOW_FREQUENCY,C,1.26182160141,1.22164757731,1.12813014515,0.965589335849,0.904755150125,1.01854524685
S0166a,2019-05-16T11:07:26.140176Z,2019-05-16T11:13:50.587911Z,2.4_HZ,D,1.4827872486,1.49227995115,1.30782798974,5.66497408007,5.71135875264,5.53484351016
S0132a,2019-04-11T13:30:57.778515Z,2019-04-11T13:53:23.753485Z,BROADBAND,D,1.2275447553,1.21904400784,1.23187976367,1.50473911709,1.19660942931,1.17433846204
